run_id,epoch,train_loss,val_loss,train_acc,val_acc,lr,epoch_time_s
hymenoptera_regnet_x_400mf_qk_noisy_5ep_42,0,0.6982751920467286,0.6978016495704651,0.4921259842519685,0.5,0.001,12.620372511446476
hymenoptera_regnet_x_400mf_qk_noisy_5ep_42,1,0.6768443143273902,0.6711426973342896,0.6692913385826772,0.6875,0.001,12.355977859348059
hymenoptera_regnet_x_400mf_qk_noisy_5ep_42,2,0.6607407444105373,0.6482855975627899,0.7913385826771654,0.875,0.001,12.713424775749445
hymenoptera_regnet_x_400mf_qk_noisy_5ep_42,3,0.63498901382206,0.6186892688274384,0.8818897637795275,0.96875,0.0009000000000000001,12.021778289228678
hymenoptera_regnet_x_400mf_qk_noisy_5ep_42,4,0.6135093663621136,0.5954221785068512,0.8937007874015748,0.921875,0.0009000000000000001,12.32336749508977
