run_id,epoch,train_loss,val_loss,train_acc,val_acc,lr,epoch_time_s
hymenoptera_resnet18_pl_noisy_5ep_42,0,0.6903832620523107,0.6254742443561554,0.547244094488189,0.71875,0.001,100.7458640448749
hymenoptera_resnet18_pl_noisy_5ep_42,1,0.6486877935139213,0.638578251004219,0.6929133858267716,0.8125,0.001,99.8469346947968
hymenoptera_resnet18_pl_noisy_5ep_42,2,0.6585557071242746,0.6064210385084152,0.6811023622047244,0.890625,0.001,99.52556141465902
hymenoptera_resnet18_pl_noisy_5ep_42,3,0.6175325343927999,0.5430418699979782,0.7244094488188977,0.875,0.0009000000000000001,99.75440515205264
hymenoptera_resnet18_pl_noisy_5ep_42,4,0.6014496932818195,0.5608796328306198,0.7834645669291339,0.84375,0.0009000000000000001,99.6037755087018
