run_id,epoch,train_loss,val_loss,train_acc,val_acc,lr,epoch_time_s
hymenoptera_efficientnet_b0_pl_noisy_5ep_42,0,0.721877066638526,0.6359151899814606,0.49606299212598426,0.59375,0.001,101.40512960997876
hymenoptera_efficientnet_b0_pl_noisy_5ep_42,1,0.5867868356817351,0.5725661665201187,0.7716535433070866,0.921875,0.001,100.52206015901174
hymenoptera_efficientnet_b0_pl_noisy_5ep_42,2,0.5558822032973523,0.559981107711792,0.8818897637795275,0.921875,0.001,100.18468153395224
hymenoptera_efficientnet_b0_pl_noisy_5ep_42,3,0.5391862134295186,0.5440068244934082,0.8937007874015748,0.890625,0.0009000000000000001,100.33517767698504
hymenoptera_efficientnet_b0_pl_noisy_5ep_42,4,0.5164286355803333,0.5212317854166031,0.9094488188976378,0.921875,0.0009000000000000001,100.71120404393878
