run_id,epoch,train_loss,val_loss,train_acc,val_acc,lr,epoch_time_s
hymenoptera_resnet18_linear_5ep_42,0,0.6201622197477836,0.32109135016798973,0.6692913385826772,0.875,0.001,11.976264383643866
hymenoptera_resnet18_linear_5ep_42,1,0.33409384690870453,0.21775957569479942,0.905511811023622,0.921875,0.001,9.038799963891506
hymenoptera_resnet18_linear_5ep_42,2,0.2476939266826224,0.2207877654582262,0.9173228346456693,0.890625,0.001,9.052987236529589
hymenoptera_resnet18_linear_5ep_42,3,0.2104121788045553,0.16915176063776016,0.9212598425196851,0.9375,0.0009000000000000001,9.207684740424156
hymenoptera_resnet18_linear_5ep_42,4,0.1897298016651409,0.155717421323061,0.9409448818897638,0.9375,0.0009000000000000001,9.209910612553358
