run_id,epoch,train_loss,val_loss,train_acc,val_acc,lr,epoch_time_s
hymenoptera_efficientnet_b0_pl_ideal_5ep_42,0,0.6897521385057704,0.6487805098295212,0.49606299212598426,0.453125,0.001,18.235664524603635
hymenoptera_efficientnet_b0_pl_ideal_5ep_42,1,0.619971826789886,0.6276730746030807,0.49606299212598426,0.453125,0.001,17.256887149997056
hymenoptera_efficientnet_b0_pl_ideal_5ep_42,2,0.5894682937719691,0.5893982946872711,0.49606299212598426,0.453125,0.001,17.390125891193748
hymenoptera_efficientnet_b0_pl_ideal_5ep_42,3,0.5585556842210725,0.5512399598956108,0.49606299212598426,0.453125,0.0009000000000000001,17.253791472874582
hymenoptera_efficientnet_b0_pl_ideal_5ep_42,4,0.5168333853792957,0.5209560543298721,0.594488188976378,0.8125,0.0009000000000000001,17.23987705912441
